{
    "Realtime": "qualified",
    "delay": 42.9244,
    "ValidFramePercentage": 0.931773,
    "APE": {
        "rmse": 10.294074818633316,
        "mean": 7.837495001050345,
        "median": 5.013541085454339,
        "std": 6.673952987557777,
        "min": 0.13893749255299412,
        "max": 21.849910567048376,
        "sse": 121333.33294550549
    },
    "RPE": {
        "rmse": 0.499644007919133,
        "mean": 0.15618857609473985,
        "median": 0.12966802865029653,
        "std": 0.47460432293331695,
        "min": 0.0005222620735817449,
        "max": 14.970273765573934,
        "sse": 285.5928900390219
    }
}