{
    "Realtime": "qualified",
    "delay": 43.0987,
    "ValidFramePercentage": 0.97812,
    "APE": {
        "rmse": 14.074950204048926,
        "mean": 10.858328499443823,
        "median": 6.317995953834183,
        "std": 8.955496940126938,
        "min": 2.5390414574120745,
        "max": 52.86669124986956,
        "sse": 164822.71374105217
    },
    "RPE": {
        "rmse": 1.9373273892653773,
        "mean": 0.3144103198326744,
        "median": 0.15043872211646367,
        "std": 1.9116442043383801,
        "min": 6.143440959526646e-05,
        "max": 54.19755044027213,
        "sse": 3118.9402903673745
    }
}