{
    "Realtime": "qualified",
    "delay": 43.1109,
    "ValidFramePercentage": 0.896585,
    "APE": {
        "rmse": 14.969199656011865,
        "mean": 11.697012338689166,
        "median": 9.537800353615353,
        "std": 9.341137012703495,
        "min": 0.42583800510553965,
        "max": 29.430326270346495,
        "sse": 284801.78863210464
    },
    "RPE": {
        "rmse": 0.6297919515822579,
        "mean": 0.23859973845635501,
        "median": 0.15058554366189278,
        "std": 0.5828448053181463,
        "min": 7.24316191173394e-05,
        "max": 18.299935330711484,
        "sse": 503.7301358927921
    }
}