{
    "Realtime": "qualified",
    "delay": 45.9574,
    "ValidFramePercentage": 0.632107,
    "APE": {
        "rmse": 8.549222167641055,
        "mean": 7.560330387318136,
        "median": 8.62260974543647,
        "std": 3.9913160869917625,
        "min": 0.4376368039674639,
        "max": 17.96340916062798,
        "sse": 56132.505347854254
    },
    "RPE": {
        "rmse": 1.0851750393237716,
        "mean": 0.2032843021473357,
        "median": 0.11986847697258038,
        "std": 1.065964520268766,
        "min": 2.6054825171964685e-05,
        "max": 15.312654739212933,
        "sse": 903.2229322000248
    }
}